HiFi Barcode,cDNA Barcode,Bio Sample
bcM0001--bcM0001,IsoSeqX_bc01_5p--IsoSeqX_3p,sample_1
bcM0001--bcM0001,IsoSeqX_bc02_5p--IsoSeqX_3p,sample_2
bcM0001--bcM0001,IsoSeqX_bc03_5p--IsoSeqX_3p,sample_3
bcM0001--bcM0001,IsoSeqX_bc04_5p--IsoSeqX_3p,sample_4
bcM0001--bcM0001,IsoSeqX_bc05_5p--IsoSeqX_3p,sample_5
bcM0001--bcM0001,IsoSeqX_bc06_5p--IsoSeqX_3p,sample_6
bcM0001--bcM0001,IsoSeqX_bc07_5p--IsoSeqX_3p,sample_7
bcM0001--bcM0001,IsoSeqX_bc08_5p--IsoSeqX_3p,sample_8
bcM0001--bcM0001,IsoSeqX_bc09_5p--IsoSeqX_3p,sample_9
bcM0001--bcM0001,IsoSeqX_bc10_5p--IsoSeqX_3p,sample_10
bcM0001--bcM0001,IsoSeqX_bc11_5p--IsoSeqX_3p,sample_11
bcM0001--bcM0001,IsoSeqX_bc12_5p--IsoSeqX_3p,sample_12
bcM0002--bcM0002,IsoSeqX_bc01_5p--IsoSeqX_3p,sample_1
bcM0002--bcM0002,IsoSeqX_bc02_5p--IsoSeqX_3p,sample_2
bcM0002--bcM0002,IsoSeqX_bc03_5p--IsoSeqX_3p,sample_3
bcM0002--bcM0002,IsoSeqX_bc04_5p--IsoSeqX_3p,sample_4
bcM0002--bcM0002,IsoSeqX_bc05_5p--IsoSeqX_3p,sample_5
bcM0002--bcM0002,IsoSeqX_bc06_5p--IsoSeqX_3p,sample_6
bcM0002--bcM0002,IsoSeqX_bc07_5p--IsoSeqX_3p,sample_7
bcM0002--bcM0002,IsoSeqX_bc08_5p--IsoSeqX_3p,sample_8
bcM0002--bcM0002,IsoSeqX_bc09_5p--IsoSeqX_3p,sample_9
bcM0002--bcM0002,IsoSeqX_bc10_5p--IsoSeqX_3p,sample_10
bcM0002--bcM0002,IsoSeqX_bc11_5p--IsoSeqX_3p,sample_11
bcM0002--bcM0002,IsoSeqX_bc12_5p--IsoSeqX_3p,sample_12
bcM0003--bcM0003,IsoSeqX_bc01_5p--IsoSeqX_3p,sample_1
bcM0003--bcM0003,IsoSeqX_bc02_5p--IsoSeqX_3p,sample_2
bcM0003--bcM0003,IsoSeqX_bc03_5p--IsoSeqX_3p,sample_3
bcM0003--bcM0003,IsoSeqX_bc04_5p--IsoSeqX_3p,sample_4
bcM0003--bcM0003,IsoSeqX_bc05_5p--IsoSeqX_3p,sample_5
bcM0003--bcM0003,IsoSeqX_bc06_5p--IsoSeqX_3p,sample_6
bcM0003--bcM0003,IsoSeqX_bc07_5p--IsoSeqX_3p,sample_7
bcM0003--bcM0003,IsoSeqX_bc08_5p--IsoSeqX_3p,sample_8
bcM0003--bcM0003,IsoSeqX_bc09_5p--IsoSeqX_3p,sample_9
bcM0003--bcM0003,IsoSeqX_bc10_5p--IsoSeqX_3p,sample_10
bcM0003--bcM0003,IsoSeqX_bc11_5p--IsoSeqX_3p,sample_11
bcM0003--bcM0003,IsoSeqX_bc12_5p--IsoSeqX_3p,sample_12
bcM0004--bcM0004,IsoSeqX_bc01_5p--IsoSeqX_3p,sample_1
bcM0004--bcM0004,IsoSeqX_bc02_5p--IsoSeqX_3p,sample_2
bcM0004--bcM0004,IsoSeqX_bc03_5p--IsoSeqX_3p,sample_3
bcM0004--bcM0004,IsoSeqX_bc04_5p--IsoSeqX_3p,sample_4
bcM0004--bcM0004,IsoSeqX_bc05_5p--IsoSeqX_3p,sample_5
bcM0004--bcM0004,IsoSeqX_bc06_5p--IsoSeqX_3p,sample_6
bcM0004--bcM0004,IsoSeqX_bc07_5p--IsoSeqX_3p,sample_7
bcM0004--bcM0004,IsoSeqX_bc08_5p--IsoSeqX_3p,sample_8
bcM0004--bcM0004,IsoSeqX_bc09_5p--IsoSeqX_3p,sample_9
bcM0004--bcM0004,IsoSeqX_bc10_5p--IsoSeqX_3p,sample_10
bcM0004--bcM0004,IsoSeqX_bc11_5p--IsoSeqX_3p,sample_11
bcM0004--bcM0004,IsoSeqX_bc12_5p--IsoSeqX_3p,sample_12
